1,4691,/beer/profile/27039/16814/,Heady Topper,/beer/profile/27039/,The Alchemist,/beer/style/140/,American Double / Imperial IPA
2,4499,/beer/profile/863/7971/,Pliny The Elder,/beer/profile/863/,Russian River Brewing Company,/beer/style/140/,American Double / Imperial IPA
3,9681,/beer/profile/1199/19960/,Founders KBS (Kentucky Breakfast Stout),/beer/profile/1199/,Founders Brewing Company,/beer/style/157/,American Double / Imperial Stout
4,28331,/beer/profile/863/21690/,Pliny The Younger,/beer/profile/863/,Russian River Brewing Company,/beer/style/140/,American Double / Imperial IPA
5,8343,/beer/profile/1146/10672/,Bourbon County Brand Stout,/beer/profile/1146/,Goose Island Beer Co.,/beer/style/157/,American Double / Imperial Stout
6,4680,/beer/profile/313/1545/,Trappist Westvleteren 12 (XII),/beer/profile/313/,Brouwerij Westvleteren (Sint-Sixtusabdij van Westvleteren),/beer/style/142/,Quadrupel (Quad)
7,17663,/beer/profile/388/5281/,Cantillon Fou' Foune,/beer/profile/388/,Brasserie Cantillon,/beer/style/10/,Lambic - Fruit
8,5775,/beer/profile/863/22227/,Supplication,/beer/profile/863/,Russian River Brewing Company,/beer/style/171/,American Wild Ale
9,4589,/beer/profile/1199/11757/,Founders Breakfast Stout,/beer/profile/1199/,Founders Brewing Company,/beer/style/157/,American Double / Imperial Stout
10,6766,/beer/profile/207/645/,Trappistes Rochefort 10,/beer/profile/207/,Brasserie de Rochefort,/beer/style/142/,Quadrupel (Quad)
11,4143,/beer/profile/287/17112/,Hopslam Ale,/beer/profile/287/,"Bell's Brewery,  Inc.",/beer/style/140/,American Double / Imperial IPA
12,24328,/beer/profile/388/3659/,Cantillon Lou Pepe - Kriek,/beer/profile/388/,Brasserie Cantillon,/beer/style/10/,Lambic - Fruit
13,6760,/beer/profile/259/1708/,St. Bernardus Abt 12,/beer/profile/259/,Brouwerij St. Bernardus NV,/beer/style/142/,Quadrupel (Quad)
14,56829,/beer/profile/388/1703/,Cantillon Gueuze 100% Lambic,/beer/profile/388/,Brasserie Cantillon,/beer/style/14/,Gueuze
15,38399,/beer/profile/388/8954/,Cantillon Saint Lamvinus,/beer/profile/388/,Brasserie Cantillon,/beer/style/10/,Lambic - Fruit
16,6541,/beer/profile/863/9474/,Temptation,/beer/profile/863/,Russian River Brewing Company,/beer/style/171/,American Wild Ale
17,8904,/beer/profile/396/31484/,AleSmith Speedway Stout - Bourbon Barrel Aged,/beer/profile/396/,AleSmith Brewing Company,/beer/style/157/,American Double / Imperial Stout
18,8745,/beer/profile/252/731/,Weihenstephaner Hefeweissbier,/beer/profile/252/,Bayerische Staatsbrauerei Weihenstephan,/beer/style/89/,Hefeweizen
19,1127,/beer/profile/313/857/,Trappist Westvleteren 8 (VIII),/beer/profile/313/,Brouwerij Westvleteren (Sint-Sixtusabdij van Westvleteren),/beer/style/57/,Dubbel
20,1465,/beer/profile/26/1558/,Dreadnaught IPA,/beer/profile/26/,3 Floyds Brewing Co.,/beer/style/140/,American Double / Imperial IPA
21,23105,/beer/profile/388/13825/,Cantillon Lou Pepe - Framboise,/beer/profile/388/,Brasserie Cantillon,/beer/style/10/,Lambic - Fruit
22,19459,/beer/profile/1141/10325/,Peche Mortel (Imperial Stout Au Cafe),/beer/profile/1141/,Brasserie Dieu Du Ciel,/beer/style/157/,American Double / Imperial Stout
23,923,/beer/profile/396/3833/,AleSmith Speedway Stout,/beer/profile/396/,AleSmith Brewing Company,/beer/style/157/,American Double / Imperial Stout
24,4586,/beer/profile/1199/21822/,Founders Imperial Stout,/beer/profile/1199/,Founders Brewing Company,/beer/style/84/,Russian Imperial Stout
25,4041,/beer/profile/863/22790/,Blind Pig IPA,/beer/profile/863/,Russian River Brewing Company,/beer/style/116/,American IPA
26,2931,/beer/profile/590/1577/,Wisconsin Belgian Red,/beer/profile/590/,New Glarus Brewing Company,/beer/style/9/,Fruit / Vegetable Beer
27,5684,/beer/profile/147/1160/,Stone Imperial Russian Stout,/beer/profile/147/,Stone Brewing Co.,/beer/style/84/,Russian Imperial Stout
28,6683,/beer/profile/39/131/,Ayinger Celebrator Doppelbock,/beer/profile/39/,Privatbrauerei Franz Inselkammer KG / Brauerei Aying,/beer/style/35/,Doppelbock
29,15132,/beer/profile/590/1585/,Raspberry Tart,/beer/profile/590/,New Glarus Brewing Company,/beer/style/9/,Fruit / Vegetable Beer
30,4009,/beer/profile/2216/6305/,Drie Fonteinen Oude Geuze,/beer/profile/2216/,Brouwerij Drie Fonteinen,/beer/style/14/,Gueuze
31,3757,/beer/profile/694/15881/,Troegs Nugget Nectar,/beer/profile/694/,Tröegs Brewing Company,/beer/style/128/,American Amber / Red Ale
32,1256,/beer/profile/3120/7597/,Pure Hoppiness,/beer/profile/3120/,Alpine Beer Company,/beer/style/140/,American Double / Imperial IPA
33,23112,/beer/profile/388/13826/,Cantillon Lou Pepe - Gueuze,/beer/profile/388/,Brasserie Cantillon,/beer/style/14/,Gueuze
34,6988,/beer/profile/22/34/,La Fin Du Monde,/beer/profile/22/,Unibroue,/beer/style/58/,Tripel
35,9661,/beer/profile/3120/12068/,Exponential Hoppiness,/beer/profile/3120/,Alpine Beer Company,/beer/style/140/,American Double / Imperial IPA
36,56015,/beer/profile/173/20767/,Adam From The Wood,/beer/profile/173/,Hair of the Dog Brewing Company / Brewery and Tasting Room,/beer/style/79/,Old Ale
37,16851,/beer/profile/72/224/,Schneider Weisse Tap 6 Unser Aventinus,/beer/profile/72/,Weisses Bräuhaus G. Schneider & Sohn GmbH,/beer/style/92/,Weizenbock
38,11473,/beer/profile/207/1696/,Trappistes Rochefort 8,/beer/profile/207/,Brasserie de Rochefort,/beer/style/56/,Belgian Strong Dark Ale
39,30855,/beer/profile/112/412/,Old Rasputin Russian Imperial Stout,/beer/profile/112/,North Coast Brewing Co.,/beer/style/84/,Russian Imperial Stout
40,1382,/beer/profile/147/4083/,Stone Ruination IPA,/beer/profile/147/,Stone Brewing Co.,/beer/style/140/,American Double / Imperial IPA
41,34039,/beer/profile/215/2512/,Chimay Grande Réserve (Blue),/beer/profile/215/,Bières de Chimay S.A.,/beer/style/56/,Belgian Strong Dark Ale
42,8056,/beer/profile/64/2093/,90 Minute IPA,/beer/profile/64/,Dogfish Head Brewery,/beer/style/140/,American Double / Imperial IPA
43,8381,/beer/profile/863/20518/,Sanctification,/beer/profile/863/,Russian River Brewing Company,/beer/style/171/,American Wild Ale
44,14236,/beer/profile/2216/17647/,Drie Fonteinen Schaerbeekse Kriek,/beer/profile/2216/,Brouwerij Drie Fonteinen,/beer/style/10/,Lambic - Fruit
45,36432,/beer/profile/388/1632/,Cantillon Kriek 100% Lambic,/beer/profile/388/,Brasserie Cantillon,/beer/style/10/,Lambic - Fruit
46,42743,/beer/profile/388/7435/,Cantillon Iris,/beer/profile/388/,Brasserie Cantillon,/beer/style/50/,Lambic - Unblended
47,487,/beer/profile/208/646/,Westmalle Trappist Tripel,/beer/profile/208/,Brouwerij Westmalle,/beer/style/58/,Tripel
48,22363,/beer/profile/2372/21950/,Terrapin Coffee Oatmeal Imperial Stout,/beer/profile/2372/,Terrapin Beer Company,/beer/style/157/,American Double / Imperial Stout
49,4133,/beer/profile/287/1093/,Two Hearted Ale,/beer/profile/287/,"Bell's Brewery,  Inc.",/beer/style/116/,American IPA
50,5769,/beer/profile/388/2558/,Cantillon Vigneronne,/beer/profile/388/,Brasserie Cantillon,/beer/style/10/,Lambic - Fruit
51,10349,/beer/profile/3120/25364/,Great,/beer/profile/3120/,Alpine Beer Company,/beer/style/19/,American Barleywine
52,9683,/beer/profile/2097/11784/,Kuhnhenn Raspberry Eisbock,/beer/profile/2097/,Kuhnhenn Brewing Company,/beer/style/36/,Eisbock
53,5279,/beer/profile/383/1062/,Live Oak HefeWeizen,/beer/profile/383/,Live Oak Brewing Company,/beer/style/89/,Hefeweizen
54,8021,/beer/profile/216/673/,Rodenbach Grand Cru,/beer/profile/216/,Brouwerij Rodenbach N.V.,/beer/style/53/,Flanders Red Ale
55,4095,/beer/profile/385/18093/,Arctic Devil Barley Wine,/beer/profile/385/,Midnight Sun Brewing Co.,/beer/style/152/,English Barleywine
56,281819,/beer/profile/26/7520/,Dark Lord Imperial Stout,/beer/profile/26/,3 Floyds Brewing Co.,/beer/style/84/,Russian Imperial Stout
57,6868,/beer/profile/222/695/,Duvel,/beer/profile/222/,Brouwerij Duvel Moortgat NV,/beer/style/55/,Belgian Strong Pale Ale
58,6511,/beer/profile/202/656/,Tripel Karmeliet,/beer/profile/202/,Brouwerij Bosteels,/beer/style/58/,Tripel
59,9346,/beer/profile/1199/7348/,Founders Porter,/beer/profile/1199/,Founders Brewing Company,/beer/style/159/,American Porter
60,80263,/beer/profile/147/1056/,Double Bastard Ale,/beer/profile/147/,Stone Brewing Co.,/beer/style/78/,American Strong Ale
61,6732,/beer/profile/4/16909/,Allagash Curieux (Bourbon Barrel-Aged Tripel),/beer/profile/4/,Allagash Brewing Company,/beer/style/58/,Tripel
62,2743,/beer/profile/26/39/,Alpha King,/beer/profile/26/,3 Floyds Brewing Co.,/beer/style/97/,American Pale Ale (APA)
63,7009,/beer/profile/1199/20478/,Founders Harvest Ale,/beer/profile/1199/,Founders Brewing Company,/beer/style/116/,American IPA
64,439,/beer/profile/192/1917/,Lips Of Faith - La Folie,/beer/profile/192/,New Belgium Brewing,/beer/style/52/,Flanders Oud Bruin
65,13142,/beer/profile/388/2557/,Cantillon Rose De Gambrinus,/beer/profile/388/,Brasserie Cantillon,/beer/style/10/,Lambic - Fruit
66,1171,/beer/profile/1177/6368/,Masala Mama India Pale Ale,/beer/profile/1177/,Minneapolis Town Hall Brewery,/beer/style/116/,American IPA
67,932,/beer/profile/158/19216/,Oak Aged Yeti Imperial Stout,/beer/profile/158/,Great Divide Brewing Company,/beer/style/84/,Russian Imperial Stout
68,12049,/beer/profile/73/226/,Great Lakes Edmund Fitzgerald Porter,/beer/profile/73/,Great Lakes Brewing Co.,/beer/style/159/,American Porter
69,6105,/beer/profile/64/18862/,Burton Baton,/beer/profile/64/,Dogfish Head Brewery,/beer/style/140/,American Double / Imperial IPA
70,37945,/beer/profile/1534/6947/,Cuvee Van De Keizer Blauw (Blue),/beer/profile/1534/,Brouwerij Het Anker,/beer/style/56/,Belgian Strong Dark Ale
71,178,/beer/profile/388/21683/,Cantillon Cuvee Des Champions,/beer/profile/388/,Brasserie Cantillon,/beer/style/14/,Gueuze
72,17513,/beer/profile/287/1444/,Bell's Expedition Stout,/beer/profile/287/,"Bell's Brewery,  Inc.",/beer/style/84/,Russian Imperial Stout
73,4515,/beer/profile/30/22352/,Maharaja,/beer/profile/30/,Avery Brewing Company,/beer/style/140/,American Double / Imperial IPA
74,4871,/beer/profile/651/6076/,Flower Power India Pale Ale,/beer/profile/651/,Ithaca Beer Company,/beer/style/116/,American IPA
75,1793,/beer/profile/396/3916/,AleSmith IPA,/beer/profile/396/,AleSmith Brewing Company,/beer/style/116/,American IPA
76,821,/beer/profile/147/88/,Stone IPA (India Pale Ale),/beer/profile/147/,Stone Brewing Co.,/beer/style/116/,American IPA
77,5428,/beer/profile/2210/38180/,Union Jack India Pale Ale,/beer/profile/2210/,Firestone Walker Brewing Co.,/beer/style/116/,American IPA
78,17241,/beer/profile/2097/8388/,Kuhnhenn Bourbon Barrel Barley Wine,/beer/profile/2097/,Kuhnhenn Brewing Company,/beer/style/152/,English Barleywine
79,481,/beer/profile/259/722/,St. Bernardus Tripel,/beer/profile/259/,Brouwerij St. Bernardus NV,/beer/style/58/,Tripel
80,646818,/beer/profile/2743/22505/,Green Flash West Coast IPA,/beer/profile/2743/,Green Flash Brewing Co.,/beer/style/140/,American Double / Imperial IPA
81,6758,/beer/profile/48/155/,Gulden Draak (Dark Triple),/beer/profile/48/,Brouwerij Van Steenberge N.V.,/beer/style/56/,Belgian Strong Dark Ale
82,869,/beer/profile/173/945/,Adam,/beer/profile/173/,Hair of the Dog Brewing Company / Brewery and Tasting Room,/beer/style/79/,Old Ale
83,4045,/beer/profile/22/30/,Trois Pistoles,/beer/profile/22/,Unibroue,/beer/style/56/,Belgian Strong Dark Ale
84,1425,/beer/profile/610/3158/,Hop Rod Rye,/beer/profile/610/,Bear Republic Brewing Co.,/beer/style/116/,American IPA
85,6273,/beer/profile/252/808/,Weihenstephaner Hefeweissbier Dunkel,/beer/profile/252/,Bayerische Staatsbrauerei Weihenstephan,/beer/style/91/,Dunkelweizen
86,107214,/beer/profile/738/5057/,Fantome Saison,/beer/profile/738/,Brasserie Fantôme,/beer/style/129/,Saison / Farmhouse Ale
87,8,/beer/profile/113/571/,Samuel Smith's Oatmeal Stout,/beer/profile/113/,Samuel Smith Old Brewery (Tadcaster),/beer/style/69/,Oatmeal Stout
88,7652,/beer/profile/652/16062/,Brewer's Reserve Bourbon Barrel Stout,/beer/profile/652/,Central Waters Brewing Co.,/beer/style/157/,American Double / Imperial Stout
89,9954,/beer/profile/26/9478/,Gumballhead,/beer/profile/26/,3 Floyds Brewing Co.,/beer/style/93/,American Pale Wheat Ale
90,67996,/beer/profile/72/1934/,Schneider Aventinus Weizen-Eisbock,/beer/profile/72/,Weisses Bräuhaus G. Schneider & Sohn GmbH,/beer/style/36/,Eisbock
91,851,/beer/profile/37/129/,Orval Trappist Ale,/beer/profile/37/,Brasserie d'Orval S.A.,/beer/style/54/,Belgian Pale Ale
92,833,/beer/profile/158/12013/,Yeti Imperial Stout,/beer/profile/158/,Great Divide Brewing Company,/beer/style/84/,Russian Imperial Stout
93,6730,/beer/profile/64/2392/,World Wide Stout,/beer/profile/64/,Dogfish Head Brewery,/beer/style/157/,American Double / Imperial Stout
94,4653,/beer/profile/147/8951/,Oaked Arrogant Bastard Ale,/beer/profile/147/,Stone Brewing Co.,/beer/style/78/,American Strong Ale
95,1553,/beer/profile/610/2751/,Racer 5 India Pale Ale,/beer/profile/610/,Bear Republic Brewing Co.,/beer/style/116/,American IPA
96,4044,/beer/profile/22/33/,Maudite,/beer/profile/22/,Unibroue,/beer/style/56/,Belgian Strong Dark Ale
97,5794,/beer/profile/73/15813/,Great Lakes Blackout Stout,/beer/profile/73/,Great Lakes Brewing Co.,/beer/style/84/,Russian Imperial Stout
98,17232,/beer/profile/2541/6317/,Girardin Gueuze 1882 (Black Label),/beer/profile/2541/,Brouwerij Girardin,/beer/style/14/,Gueuze
99,2034,/beer/profile/610/8037/,Racer X Double IPA,/beer/profile/610/,Bear Republic Brewing Co.,/beer/style/140/,American Double / Imperial IPA
100,5409,/beer/profile/26/4810/,Behemoth Blonde Barleywine,/beer/profile/26/,3 Floyds Brewing Co.,/beer/style/19/,American Barleywine
101,3622,/beer/profile/63/197/,Obsidian Stout,/beer/profile/63/,Deschutes Brewery,/beer/style/158/,American Stout
102,2025,/beer/profile/63/198/,Black Butte Porter,/beer/profile/63/,Deschutes Brewery,/beer/style/159/,American Porter
103,4594,/beer/profile/1199/16074/,Founders Red's Rye IPA,/beer/profile/1199/,Founders Brewing Company,/beer/style/12/,Rye Beer
104,908,/beer/profile/158/20931/,Old Ruffian Barley Wine,/beer/profile/158/,Great Divide Brewing Company,/beer/style/19/,American Barleywine
105,9603,/beer/profile/2097/18850/,Kuhnhenn Fourth Dementia (4D),/beer/profile/2097/,Kuhnhenn Brewing Company,/beer/style/79/,Old Ale
106,52593,/beer/profile/321/1836/,La Chouffe,/beer/profile/321/,Brasserie d'Achouffe,/beer/style/55/,Belgian Strong Pale Ale
107,1517,/beer/profile/911/2899/,Andechser Doppelbock Dunkel,/beer/profile/911/,Klosterbrauerei Andechs,/beer/style/35/,Doppelbock
108,14597,/beer/profile/2216/6306/,Drie Fonteinen Oude Kriek,/beer/profile/2216/,Brouwerij Drie Fonteinen,/beer/style/10/,Lambic - Fruit
109,571571,/beer/profile/178/705/,J.W. Lees Vintage Harvest Ale,/beer/profile/178/,J.W. Lees & Co (Brewers) Ltd,/beer/style/152/,English Barleywine
110,18099,/beer/profile/147/92/,Arrogant Bastard Ale,/beer/profile/147/,Stone Brewing Co.,/beer/style/78/,American Strong Ale
111,14435,/beer/profile/252/779/,Weihenstephaner Korbinian,/beer/profile/252/,Bayerische Staatsbrauerei Weihenstephan,/beer/style/35/,Doppelbock
112,8073,/beer/profile/637/1717/,Saison Dupont,/beer/profile/637/,Brasserie Dupont sprl,/beer/style/129/,Saison / Farmhouse Ale
113,6565,/beer/profile/140/6549/,Northern Hemisphere Harvest Wet Hop Ale,/beer/profile/140/,Sierra Nevada Brewing Co.,/beer/style/116/,American IPA
114,8415,/beer/profile/4/21363/,Allagash Odyssey,/beer/profile/4/,Allagash Brewing Company,/beer/style/56/,Belgian Strong Dark Ale
115,2560,/beer/profile/71/221/,Fuller's London Porter,/beer/profile/71/,Fuller Smith & Turner PLC,/beer/style/101/,English Porter
116,1804,/beer/profile/636/1710/,Oude Gueuze,/beer/profile/636/,Hanssens Artisanaal bvba,/beer/style/14/,Gueuze
117,8518,/beer/profile/396/7284/,YuleSmith (Summer),/beer/profile/396/,AleSmith Brewing Company,/beer/style/140/,American Double / Imperial IPA
118,2241,/beer/profile/113/572/,Samuel Smith's The Famous Taddy Porter,/beer/profile/113/,Samuel Smith Old Brewery (Tadcaster),/beer/style/101/,English Porter
119,16630,/beer/profile/140/1904/,Sierra Nevada Celebration Ale,/beer/profile/140/,Sierra Nevada Brewing Co.,/beer/style/116/,American IPA
120,14,/beer/profile/113/782/,Samuel Smith's Imperial Stout,/beer/profile/113/,Samuel Smith Old Brewery (Tadcaster),/beer/style/84/,Russian Imperial Stout
121,20951,/beer/profile/140/2671/,Sierra Nevada Bigfoot Barleywine Style Ale,/beer/profile/140/,Sierra Nevada Brewing Co.,/beer/style/19/,American Barleywine
122,6510,/beer/profile/42/142/,Ommegang (Abbey Ale),/beer/profile/42/,Brewery Ommegang,/beer/style/57/,Dubbel
123,37235,/beer/profile/45/680/,Brooklyn Black Chocolate Stout,/beer/profile/45/,Brooklyn Brewery,/beer/style/84/,Russian Imperial Stout
124,6765,/beer/profile/42/3457/,Three Philosophers Belgian Style Blend (Quadrupel),/beer/profile/42/,Brewery Ommegang,/beer/style/142/,Quadrupel (Quad)
125,402,/beer/profile/42/141/,Hennepin (Farmhouse Saison),/beer/profile/42/,Brewery Ommegang,/beer/style/129/,Saison / Farmhouse Ale
126,3954,/beer/profile/641/1745/,Duchesse De Bourgogne,/beer/profile/641/,Brouwerij Verhaeghe,/beer/style/53/,Flanders Red Ale
127,15665,/beer/profile/1141/10330/,Aphrodisiaque,/beer/profile/1141/,Brasserie Dieu Du Ciel,/beer/style/158/,American Stout
128,5862,/beer/profile/4/59/,Allagash White,/beer/profile/4/,Allagash Brewing Company,/beer/style/48/,Witbier
129,1456,/beer/profile/1199/5441/,Founders Centennial IPA,/beer/profile/1199/,Founders Brewing Company,/beer/style/116/,American IPA
130,4072,/beer/profile/215/672/,Chimay Premiere (Red),/beer/profile/215/,Bières de Chimay S.A.,/beer/style/57/,Dubbel
131,4168,/beer/profile/208/674/,Westmalle Trappist Dubbel,/beer/profile/208/,Brouwerij Westmalle,/beer/style/57/,Dubbel
132,3901,/beer/profile/13839/31323/,Hop 15,/beer/profile/13839/,Port Brewing,/beer/style/140/,American Double / Imperial IPA
133,4178,/beer/profile/132/1118/,Chocolate Stout,/beer/profile/132/,Rogue Ales,/beer/style/158/,American Stout
134,5795,/beer/profile/610/22172/,Apex,/beer/profile/610/,Bear Republic Brewing Co.,/beer/style/140/,American Double / Imperial IPA
135,4537,/beer/profile/1471/22381/,Dark Horse Double Crooked Tree IPA,/beer/profile/1471/,Dark Horse Brewing Company,/beer/style/140/,American Double / Imperial IPA
136,14082,/beer/profile/18149/34315/,Cuvee De Tomme,/beer/profile/18149/,The Lost Abbey,/beer/style/171/,American Wild Ale
137,86964,/beer/profile/664/12873/,Courage Imperial Russian Stout,/beer/profile/664/,Wells & Young's Ltd,/beer/style/84/,Russian Imperial Stout
138,4485,/beer/profile/180/1385/,Delirium Tremens,/beer/profile/180/,Brouwerij Huyghe,/beer/style/55/,Belgian Strong Pale Ale
139,4043,/beer/profile/22/694/,Don De Dieu,/beer/profile/22/,Unibroue,/beer/style/55/,Belgian Strong Pale Ale
140,4681,/beer/profile/313/1808/,Trappist Westvleteren Blonde,/beer/profile/313/,Brouwerij Westvleteren (Sint-Sixtusabdij van Westvleteren),/beer/style/54/,Belgian Pale Ale
141,876,/beer/profile/22/3635/,La Terrible,/beer/profile/22/,Unibroue,/beer/style/56/,Belgian Strong Dark Ale
142,1830,/beer/profile/184/1402/,La Trappe Quadrupel (Koningshoeven / Dominus),/beer/profile/184/,Bierbrouwerij De Koningshoeven B.V.,/beer/style/142/,Quadrupel (Quad)
143,9144,/beer/profile/132/56973/,Shakespeare Oatmeal Stout,/beer/profile/132/,Rogue Ales,/beer/style/69/,Oatmeal Stout
144,21768,/beer/profile/39/132/,Ayinger Brau Weisse,/beer/profile/39/,Privatbrauerei Franz Inselkammer KG / Brauerei Aying,/beer/style/89/,Hefeweizen
145,47816,/beer/profile/283/773/,Goudenband,/beer/profile/283/,Brouwerij Liefmans,/beer/style/52/,Flanders Oud Bruin
146,10049,/beer/profile/215/1346/,Chimay Tripel (White),/beer/profile/215/,Bières de Chimay S.A.,/beer/style/58/,Tripel
147,3935,/beer/profile/392/18199/,Insanity,/beer/profile/392/,Weyerbacher Brewing Co.,/beer/style/152/,English Barleywine
148,4084,/beer/profile/429/1769/,Alaskan Smoked Porter,/beer/profile/429/,Alaskan Brewing Co.,/beer/style/159/,American Porter
149,475,/beer/profile/259/1855/,St. Bernardus Prior 8,/beer/profile/259/,Brouwerij St. Bernardus NV,/beer/style/57/,Dubbel
150,5391,/beer/profile/64/15758/,75 Minute IPA,/beer/profile/64/,Dogfish Head Brewery,/beer/style/116/,American IPA
151,1424,/beer/profile/4/448/,Allagash Tripel Ale,/beer/profile/4/,Allagash Brewing Company,/beer/style/58/,Tripel
152,10601,/beer/profile/347/3338/,Cadillac Mountain Stout,/beer/profile/347/,Bar Harbor Brewing Company,/beer/style/162/,Irish Dry Stout
153,3950,/beer/profile/64/9086/,120 Minute IPA,/beer/profile/64/,Dogfish Head Brewery,/beer/style/140/,American Double / Imperial IPA
154,86430,/beer/profile/71/19426/,Fuller's Vintage Ale,/beer/profile/71/,Fuller Smith & Turner PLC,/beer/style/79/,Old Ale
155,30480,/beer/profile/1177/20578/,Czar Jack Imperial Stout,/beer/profile/1177/,Minneapolis Town Hall Brewery,/beer/style/84/,Russian Imperial Stout
156,3902,/beer/profile/13839/31613/,Old Viscosity,/beer/profile/13839/,Port Brewing,/beer/style/157/,American Double / Imperial Stout
157,419,/beer/profile/158/17060/,Hercules Double IPA,/beer/profile/158/,Great Divide Brewing Company,/beer/style/140/,American Double / Imperial IPA
158,1246,/beer/profile/199/10386/,Dorado Double IPA,/beer/profile/199/,Ballast Point Brewing Company,/beer/style/140/,American Double / Imperial IPA
159,10722,/beer/profile/207/3842/,Trappistes Rochefort 6,/beer/profile/207/,Brasserie de Rochefort,/beer/style/57/,Dubbel
160,32167,/beer/profile/2681/8919/,G'Knight Imperial Red Ale,/beer/profile/2681/,Oskar Blues Grill & Brew,/beer/style/140/,American Double / Imperial IPA
161,4498,/beer/profile/863/12770/,Damnation,/beer/profile/863/,Russian River Brewing Company,/beer/style/55/,Belgian Strong Pale Ale
162,5161,/beer/profile/141/622/,Smuttynose Robust Porter,/beer/profile/141/,Smuttynose Brewing Company,/beer/style/159/,American Porter
163,882,/beer/profile/637/1716/,Avec Les Bons Voeux,/beer/profile/637/,Brasserie Dupont sprl,/beer/style/129/,Saison / Farmhouse Ale
164,4700,/beer/profile/259/7879/,St. Bernardus Witbier,/beer/profile/259/,Brouwerij St. Bernardus NV,/beer/style/48/,Witbier
165,128043,/beer/profile/112/1867/,Old Stock Ale,/beer/profile/112/,North Coast Brewing Co.,/beer/style/79/,Old Ale
166,1557,/beer/profile/610/1658/,Big Bear Black Stout,/beer/profile/610/,Bear Republic Brewing Co.,/beer/style/157/,American Double / Imperial Stout
167,4013,/beer/profile/64/1161/,Indian Brown Ale,/beer/profile/64/,Dogfish Head Brewery,/beer/style/73/,American Brown Ale
168,3952,/beer/profile/64/6108/,60 Minute IPA,/beer/profile/64/,Dogfish Head Brewery,/beer/style/116/,American IPA
169,5956,/beer/profile/141/16403/,"Smuttynose IPA ""Finest Kind""",/beer/profile/141/,Smuttynose Brewing Company,/beer/style/116/,American IPA
170,24331,/beer/profile/220/22387/,Lagunitas Imperial Red Ale,/beer/profile/220/,Lagunitas Brewing Company,/beer/style/128/,American Amber / Red Ale
171,449,/beer/profile/323/875/,Old Engine Oil,/beer/profile/323/,Harviestoun Brewery Ltd.,/beer/style/101/,English Porter
172,2245,/beer/profile/24/36/,Traquair House Ale,/beer/profile/24/,Traquair House Brewery Lld,/beer/style/77/,Scotch Ale / Wee Heavy
173,353,/beer/profile/201/813/,De Dolle Oerbier,/beer/profile/201/,Brouwerij De Dolle Brouwers,/beer/style/56/,Belgian Strong Dark Ale
174,5411,/beer/profile/26/7438/,Alpha Klaus Christmas (Xmas) Porter,/beer/profile/26/,3 Floyds Brewing Co.,/beer/style/159/,American Porter
175,2240,/beer/profile/28/61/,Anchor Porter,/beer/profile/28/,Anchor Brewing Company,/beer/style/159/,American Porter
176,9377,/beer/profile/12516/8023/,Siberian Night Imperial Stout,/beer/profile/12516/,Thirsty Dog Brewing Company,/beer/style/84/,Russian Imperial Stout
177,115100,/beer/profile/173/20762/,Doggie Claws,/beer/profile/173/,Hair of the Dog Brewing Company / Brewery and Tasting Room,/beer/style/19/,American Barleywine
178,210,/beer/profile/681/26277/,Abbaye Des Rocs Grand Cru Belgian Special Brown,/beer/profile/681/,Brasserie de l'Abbaye des Rocs s.a.,/beer/style/56/,Belgian Strong Dark Ale
179,17904,/beer/profile/287/1891/,Third Coast Old Ale,/beer/profile/287/,"Bell's Brewery,  Inc.",/beer/style/19/,American Barleywine
180,12609,/beer/profile/696/15589/,Thomas Hooker Liberator Doppelbock,/beer/profile/696/,Thomas Hooker Brewing Company,/beer/style/35/,Doppelbock
181,811,/beer/profile/396/16400/,AleSmith Wee Heavy,/beer/profile/396/,AleSmith Brewing Company,/beer/style/77/,Scotch Ale / Wee Heavy
182,1365,/beer/profile/201/817/,De Dolle Stille Nacht,/beer/profile/201/,Brouwerij De Dolle Brouwers,/beer/style/55/,Belgian Strong Pale Ale
183,6872,/beer/profile/113/576/,Samuel Smith's Nut Brown Ale,/beer/profile/113/,Samuel Smith Old Brewery (Tadcaster),/beer/style/74/,English Brown Ale
184,2961,/beer/profile/590/20014/,Thumbprint Apple Ale,/beer/profile/590/,New Glarus Brewing Company,/beer/style/9/,Fruit / Vegetable Beer
185,408,/beer/profile/9897/18975/,Oro De Calabaza,/beer/profile/9897/,Jolly Pumpkin Artisan Ales,/beer/style/127/,Bière de Garde
186,3832,/beer/profile/345/1005/,Hop Devil Ale,/beer/profile/345/,Victory Brewing Company,/beer/style/116/,American IPA
187,12059,/beer/profile/264/2758/,Sinebrychoff Porter,/beer/profile/264/,Oy Sinebrychoff Ab,/beer/style/80/,Baltic Porter
188,10052,/beer/profile/263/1324/,Aecht Schlenkerla Rauchbier Urbock,/beer/profile/263/,Brauerei Heller-Trum / Schlenkerla,/beer/style/7/,Rauchbier
189,1064,/beer/profile/41/140/,Corsendonk Christmas Ale,/beer/profile/41/,Brouwerij Corsendonk,/beer/style/56/,Belgian Strong Dark Ale
190,17800,/beer/profile/173/20768/,Fred From The Wood,/beer/profile/173/,Hair of the Dog Brewing Company / Brewery and Tasting Room,/beer/style/78/,American Strong Ale
191,6540,/beer/profile/73/229/,Great Lakes Eliot Ness,/beer/profile/73/,Great Lakes Brewing Co.,/beer/style/30/,Vienna Lager
192,17307,/beer/profile/396/21120/,AleSmith Old Numbskull - Barrel Aged,/beer/profile/396/,AleSmith Brewing Company,/beer/style/19/,American Barleywine
193,918,/beer/profile/158/11922/,Titan IPA,/beer/profile/158/,Great Divide Brewing Company,/beer/style/116/,American IPA
194,4179,/beer/profile/132/1339/,Hazelnut Brown Nectar,/beer/profile/132/,Rogue Ales,/beer/style/73/,American Brown Ale
195,20605,/beer/profile/132/358/,XS Imperial India Pale Ale,/beer/profile/132/,Rogue Ales,/beer/style/140/,American Double / Imperial IPA
196,14564,/beer/profile/142/1946/,Franziskaner Hefe-Weisse,/beer/profile/142/,Spaten-Franziskaner-Bräu,/beer/style/89/,Hefeweizen
197,13961,/beer/profile/396/6646/,AleSmith Old Numbskull,/beer/profile/396/,AleSmith Brewing Company,/beer/style/19/,American Barleywine
198,3830,/beer/profile/345/1013/,Storm King Stout,/beer/profile/345/,Victory Brewing Company,/beer/style/157/,American Double / Imperial Stout
199,4018,/beer/profile/162/260/,Ipswich Oatmeal Stout,/beer/profile/162/,Ipswich Ale Brewery,/beer/style/69/,Oatmeal Stout
200,6811,/beer/profile/73/1792/,Great Lakes Nosferatu,/beer/profile/73/,Great Lakes Brewing Co.,/beer/style/128/,American Amber / Red Ale
201,6201,/beer/profile/140/283/,Sierra Nevada Stout,/beer/profile/140/,Sierra Nevada Brewing Co.,/beer/style/158/,American Stout
202,2384,/beer/profile/42/593/,Rare Vos (Amber Ale),/beer/profile/42/,Brewery Ommegang,/beer/style/54/,Belgian Pale Ale
203,6288,/beer/profile/73/228/,Great Lakes Dortmunder Gold,/beer/profile/73/,Great Lakes Brewing Co.,/beer/style/20/,Dortmunder / Export Lager
204,2018,/beer/profile/718/2184/,Petrus Aged Pale,/beer/profile/718/,De Brabandere,/beer/style/52/,Flanders Oud Bruin
205,2447,/beer/profile/199/709/,Big Eye IPA,/beer/profile/199/,Ballast Point Brewing Company,/beer/style/116/,American IPA
206,3108,/beer/profile/118/402/,Skull Splitter,/beer/profile/118/,Orkney Brewery,/beer/style/77/,Scotch Ale / Wee Heavy
207,5003,/beer/profile/3818/21100/,Oat (Imperial Oatmeal Stout),/beer/profile/3818/,Southern Tier Brewing Company,/beer/style/157/,American Double / Imperial Stout
208,15677,/beer/profile/76/772/,Hacker-Pschorr Hefe Weisse Naturtrub,/beer/profile/76/,Hacker-Pschorr Bräu GmbH,/beer/style/89/,Hefeweizen
209,37623,/beer/profile/187/6104/,Lindemans Gueuze Cuvee Rene,/beer/profile/187/,Brouwerij Lindemans,/beer/style/14/,Gueuze
210,376,/beer/profile/412/11582/,Kulmbacher Reichelbrau Eisbock,/beer/profile/412/,Kulmbacher Brauerei AG,/beer/style/36/,Eisbock
211,3354,/beer/profile/24/652/,Traquair Jacobite,/beer/profile/24/,Traquair House Brewery Lld,/beer/style/77/,Scotch Ale / Wee Heavy
212,11561,/beer/profile/48/156/,Piraat,/beer/profile/48/,Brouwerij Van Steenberge N.V.,/beer/style/55/,Belgian Strong Pale Ale
213,810,/beer/profile/173/459/,Fred,/beer/profile/173/,Hair of the Dog Brewing Company / Brewery and Tasting Room,/beer/style/78/,American Strong Ale
214,221,/beer/profile/259/1856/,St. Bernardus Pater 6,/beer/profile/259/,Brouwerij St. Bernardus NV,/beer/style/57/,Dubbel
215,5455,/beer/profile/71/219/,Fuller's ESB,/beer/profile/71/,Fuller Smith & Turner PLC,/beer/style/66/,Extra Special / Strong Bitter (ESB)
216,1013,/beer/profile/1199/7463/,Founders Dirty Bastard,/beer/profile/1199/,Founders Brewing Company,/beer/style/77/,Scotch Ale / Wee Heavy
217,19611,/beer/profile/71/560/,Fuller's 1845,/beer/profile/71/,Fuller Smith & Turner PLC,/beer/style/165/,English Strong Ale
218,354,/beer/profile/201/1116/,De Dolle Dulle Teve (Mad Bitch),/beer/profile/201/,Brouwerij De Dolle Brouwers,/beer/style/58/,Tripel
219,14891,/beer/profile/681/2469/,Abbaye Des Rocs [Brasserie Des Rocs Brune],/beer/profile/681/,Brasserie de l'Abbaye des Rocs s.a.,/beer/style/56/,Belgian Strong Dark Ale
220,1573,/beer/profile/697/2013/,Hitachino Nest White Ale,/beer/profile/697/,Kiuchi Brewery,/beer/style/48/,Witbier
221,25654,/beer/profile/828/2596/,Oud Beersel Oude Kriek Vieille,/beer/profile/828/,Brouwerij Oud Beersel,/beer/style/10/,Lambic - Fruit
222,5403,/beer/profile/1146/14366/,Imperial IPA,/beer/profile/1146/,Goose Island Beer Co.,/beer/style/140/,American Double / Imperial IPA
223,8821,/beer/profile/193/615/,Barney Flats Oatmeal Stout,/beer/profile/193/,Anderson Valley Brewing Company,/beer/style/69/,Oatmeal Stout
224,6284,/beer/profile/140/276/,Sierra Nevada Pale Ale,/beer/profile/140/,Sierra Nevada Brewing Co.,/beer/style/97/,American Pale Ale (APA)
225,12079,/beer/profile/9629/17900/,Short's Huma-Lupa-Licious IPA,/beer/profile/9629/,Short's Brewing Company,/beer/style/116/,American IPA
226,15677,/beer/profile/124/1256/,Paulaner Hefe-Weissbier Naturtrub,/beer/profile/124/,Paulaner Brauerei GmbH & Co. KG,/beer/style/89/,Hefeweizen
227,372,/beer/profile/1146/4318/,Matilda,/beer/profile/1146/,Goose Island Beer Co.,/beer/style/55/,Belgian Strong Pale Ale
228,1199,/beer/profile/209/752/,Guinness Foreign Extra Stout,/beer/profile/209/,Guinness Ltd.,/beer/style/95/,Foreign / Export Stout
229,1428,/beer/profile/922/8045/,Trappist Achel 8 Bruin,/beer/profile/922/,Brouwerij der St. Benedictusabdij de Achelse,/beer/style/57/,Dubbel
230,2346,/beer/profile/637/1713/,Moinette Blond,/beer/profile/637/,Brasserie Dupont sprl,/beer/style/55/,Belgian Strong Pale Ale
231,8978,/beer/profile/73/13896/,Great Lakes Oktoberfest,/beer/profile/73/,Great Lakes Brewing Co.,/beer/style/29/,Marzen / Oktoberfest
232,2716,/beer/profile/252/712/,Weihenstephaner Original,/beer/profile/252/,Bayerische Staatsbrauerei Weihenstephan,/beer/style/21/,Munich Helles Lager
233,5569,/beer/profile/610/1655/,Red Rocket Ale,/beer/profile/610/,Bear Republic Brewing Co.,/beer/style/128/,American Amber / Red Ale
234,356,/beer/profile/1534/5423/,Gouden Carolus Tripel,/beer/profile/1534/,Brouwerij Het Anker,/beer/style/58/,Tripel
235,10781,/beer/profile/863/13742/,Salvation,/beer/profile/863/,Russian River Brewing Company,/beer/style/56/,Belgian Strong Dark Ale
236,4740,/beer/profile/220/2264/,Brown Shugga',/beer/profile/220/,Lagunitas Brewing Company,/beer/style/78/,American Strong Ale
237,3820,/beer/profile/345/1010/,Prima Pils,/beer/profile/345/,Victory Brewing Company,/beer/style/41/,German Pilsener
238,30,/beer/profile/267/738/,Odell Cutthroat Porter,/beer/profile/267/,Odell Brewing Company,/beer/style/159/,American Porter
239,471,/beer/profile/263/727/,Aecht Schlenkerla Rauchbier Marzen,/beer/profile/263/,Brauerei Heller-Trum / Schlenkerla,/beer/style/7/,Rauchbier
240,19331,/beer/profile/739/4924/,Kriek De Ranke,/beer/profile/739/,Brouwerij De Ranke,/beer/style/10/,Lambic - Fruit
241,7763,/beer/profile/141/185/,Smuttynose Imperial Stout (Big Beer Series),/beer/profile/141/,Smuttynose Brewing Company,/beer/style/84/,Russian Imperial Stout
242,29356,/beer/profile/1628/10301/,Southampton Grand Cru,/beer/profile/1628/,Southampton Publick House,/beer/style/55/,Belgian Strong Pale Ale
243,29149,/beer/profile/47/5357/,Boon Oude Geuze Mariage Parfait,/beer/profile/47/,Brouwerij Boon,/beer/style/14/,Gueuze
244,7651,/beer/profile/194/2704/,St-Ambroise Oatmeal Stout,/beer/profile/194/,McAuslan Brewing,/beer/style/69/,Oatmeal Stout
245,3899,/beer/profile/13839/33243/,Wipeout IPA,/beer/profile/13839/,Port Brewing,/beer/style/116/,American IPA
246,11761,/beer/profile/220/1579/,Olde GnarlyWine,/beer/profile/220/,Lagunitas Brewing Company,/beer/style/19/,American Barleywine
247,130571,/beer/profile/664/73/,Young's Double Chocolate Stout,/beer/profile/664/,Wells & Young's Ltd,/beer/style/82/,Milk / Sweet Stout
248,3828,/beer/profile/345/1009/,Old Horizontal,/beer/profile/345/,Victory Brewing Company,/beer/style/19/,American Barleywine
249,1540,/beer/profile/112/411/,Pranqster,/beer/profile/112/,North Coast Brewing Co.,/beer/style/55/,Belgian Strong Pale Ale
250,871,/beer/profile/212/1711/,Kasteel Donker,/beer/profile/212/,Brouwerij Van Honsebrouck N.V.,/beer/style/142/,Quadrupel (Quad)
